1,303
1,304
1,306
1,307
2,253
2,255
2,256
2,272
3,258
3,259
3,260
3,261
4,226
4,231
4,232
4,263
5,254
5,255
5,352
5,353
6,196
6,223
6,264
6,295
7,50
7,51
7,55
7,59
8,359
8,360
8,361
8,364
9,158
9,168
9,176
9,362
10,140
10,142
10,144
10,146
11,63
11,275
11,279
11,283
12,112
12,114
12,120
12,121
13,166
13,201
13,203
13,398
14,128
14,129
14,130
14,133
15,165
15,175
15,177
15,191
16,75
16,241
16,246
16,317
17,70
17,251
17,270
17,273
18,70
18,73
18,75
18,241
19,287
19,291
19,292
19,357
20,217
20,220
20,221
20,238
21,312
21,372
21,373
21,375
22,228
22,285
22,286
22,287
23,222
23,224
23,226
23,231
24,317
24,379
24,383
24,385
25,315
25,331
25,332
25,334
26,327
26,328
26,332
26,335
27,68
27,78
27,276
27,280
28,210
28,213
28,214
28,215
29,46
29,155
29,156
29,157
30,134
30,154
30,156
30,389
31,266
31,267
31,268
31,269
32,79
32,240
32,244
32,270
33,40
33,267
33,268
33,390
34,89
34,90
34,98
34,102
35,147
35,148
35,149
35,150
36,240
36,247
36,268
36,354
37,38
37,375
38,37
40,33
40,390
41,101
41,113
42,41
44,46
44,47
45,46
45,47
46,29
46,49
46,212
47,66
48,44
49,48
49,157
50,7
50,51
51,7
51,54
51,58
51,196
52,54
52,163
53,50
54,51
54,55
54,163
55,7
55,59
56,53
57,64
58,57
59,7
59,60
60,61
60,394
61,172
61,393
62,56
63,11
63,52
63,64
63,348
64,65
64,279
65,63
65,351
66,67
66,193
67,45
67,369
68,27
68,100
69,314
70,17
70,18
70,73
70,245
71,243
72,39
73,18
73,75
74,96
75,16
75,18
75,70
75,317
76,79
77,69
78,27
78,68
78,104
78,280
79,32
79,81
79,251
79,273
79,352
80,76
80,82
80,243
81,74
81,79
81,255
82,80
82,229
83,97
83,100
83,344
84,85
85,87
85,91
85,252
86,87
86,91
86,344
87,86
87,108
87,384
88,85
89,34
89,104
90,34
90,94
91,83
91,85
91,92
92,95
93,86
94,84
94,95
94,98
95,89
95,94
96,88
97,91
98,34
98,250
99,100
100,83
100,106
100,320
100,343
101,103
101,392
102,34
102,94
103,101
103,117
103,137
104,281
105,78
106,78
107,87
108,107
108,385
109,90
110,118
111,110
111,119
111,133
111,396
112,12
112,113
113,42
113,114
113,125
114,12
114,120
114,121
115,41
115,113
115,116
116,118
117,103
117,115
117,118
118,111
118,115
118,117
119,120
120,12
120,111
120,126
121,12
121,126
122,123
122,129
122,213
122,350
123,132
124,125
125,113
125,122
126,127
127,124
128,14
128,129
129,14
129,111
129,122
129,130
129,152
130,14
130,129
130,206
131,45
131,368
132,125
133,14
133,129
134,30
134,386
135,117
135,136
135,137
136,135
136,137
137,135
137,136
138,139
139,140
140,10
140,144
140,271
140,274
141,234
141,293
142,10
143,318
143,334
144,10
144,142
145,234
146,10
146,140
147,35
147,149
148,35
148,149
149,35
149,147
149,153
150,35
150,147
150,153
151,150
151,207
152,150
153,178
153,192
154,30
154,155
155,29
155,48
156,29
156,30
156,387
157,29
157,156
158,9
158,159
158,176
159,160
160,49
162,181
162,187
163,54
163,171
164,167
165,15
165,175
166,13
166,167
167,163
167,170
168,9
168,169
168,185
169,181
169,225
170,167
170,174
170,195
171,167
172,173
173,61
173,170
174,173
175,15
175,177
176,9
176,168
176,367
177,15
177,179
178,151
178,170
179,178
180,185
181,180
181,187
182,180
183,161
183,184
184,188
185,158
185,189
186,161
186,184
187,190
188,158
188,189
189,183
190,165
191,15
191,182
192,191
193,194
194,204
195,151
196,6
196,223
197,194
198,200
198,363
199,67
200,199
201,13
201,203
202,51
203,13
203,206
203,210
203,398
204,198
204,233
205,130
206,201
206,211
207,128
208,209
209,176
210,28
210,203
210,214
210,215
211,205
212,208
212,216
213,28
213,210
214,28
215,28
215,122
216,62
217,20
217,218
218,217
218,219
219,220
220,20
220,219
220,221
221,20
221,217
221,220
221,290
222,23
222,224
222,239
223,6
223,202
223,237
223,295
224,23
224,198
225,56
226,4
226,23
226,228
226,232
227,77
228,22
228,231
228,286
229,82
229,242
230,226
230,296
231,4
231,23
231,226
232,4
232,226
232,230
232,263
233,235
234,141
234,263
235,236
236,239
237,298
238,20
239,222
239,238
239,288
240,32
240,36
240,355
241,16
241,18
241,75
242,229
242,240
242,247
242,270
243,72
243,80
243,245
244,32
244,354
244,376
245,70
245,243
246,16
246,241
247,36
247,242
247,267
247,269
248,257
249,102
250,397
251,17
251,80
252,248
253,2
253,81
253,258
253,272
253,353
254,5
254,253
255,2
255,5
255,253
256,2
256,272
256,397
257,81
258,3
258,253
258,259
259,3
259,260
260,3
260,262
261,3
261,258
261,262
262,145
262,261
263,4
263,232
263,265
264,6
264,295
265,261
266,31
266,269
267,31
267,33
267,40
268,31
268,33
268,36
268,247
269,31
269,247
270,17
270,32
270,79
271,277
271,282
272,2
272,253
272,256
273,17
273,242
274,140
274,227
275,11
275,65
276,27
276,280
277,63
278,109
279,11
279,275
279,276
280,27
280,78
280,283
281,284
282,271
282,274
283,11
283,279
284,223
285,22
285,286
285,287
286,22
286,222
286,228
286,288
287,19
287,22
287,285
287,353
288,285
288,286
288,290
289,288
290,221
290,289
290,312
290,377
291,19
291,287
292,19
292,287
293,141
293,264
294,295
295,6
295,223
295,278
295,293
296,297
296,300
296,360
297,230
298,301
299,302
300,294
300,301
301,299
301,358
302,168
302,367
303,1
303,304
304,1
304,307
304,308
304,310
305,312
306,1
306,303
307,1
307,311
308,305
309,310
310,304
310,311
310,313
311,304
311,309
312,21
312,290
312,306
312,375
313,375
314,139
314,315
314,319
314,320
315,25
315,314
315,316
315,321
315,331
316,315
316,319
316,326
317,16
317,24
317,383
318,143
318,319
318,326
319,138
319,314
319,318
320,314
320,339
321,341
322,336
323,327
323,345
323,381
324,337
325,322
325,324
325,331
326,316
326,318
327,26
327,323
327,328
327,332
327,346
328,26
329,330
330,329
330,333
330,334
331,25
331,315
331,325
331,327
331,334
332,25
332,26
332,331
333,325
333,336
334,25
334,143
334,330
334,331
335,26
335,327
335,337
335,338
336,329
336,333
337,335
338,335
338,380
339,99
340,342
341,315
341,342
342,341
342,347
343,100
343,340
343,344
344,83
344,86
344,343
345,93
345,384
346,344
347,343
348,349
349,203
351,282
352,5
352,353
353,5
353,79
353,254
353,292
354,36
354,244
354,355
355,354
355,356
356,242
357,19
357,244
358,366
358,371
359,8
359,296
359,361
360,8
360,359
361,8
361,197
362,9
362,358
363,364
364,8
364,359
365,366
366,300
366,370
367,302
367,362
368,365
369,368
370,296
370,360
371,131
372,21
372,37
373,21
373,372
374,290
375,21
375,310
375,312
375,373
376,377
377,287
377,357
377,374
378,382
379,24
379,246
380,338
380,382
381,323
381,383
382,380
383,24
383,379
383,381
383,382
384,345
384,381
385,24
385,383
386,389
387,388
389,30
389,186
390,33
390,268
391,325
392,41
393,162
394,160
395,111
397,249
397,256
398,13
398,63
